commits,projects
50,68
1,1367
20,244
2,1575
2276,1
5,861
672,1
6,723
49,68
1851,1
66,62
678,1
15,274
662,6
2292,1
384,5
2404,2
3,1205
16,250
39,92
26,202
372,3
68,38
344,9
4,983
41,110
172,10
67,54
226,7
7,602
229,5
10,455
152,20
165,19
206,7
536,3
113,21
91,31
14,320
43,83
19,254
12,363
1827,1
27,158
1485,1
228,7
46,86
25,190
436,3
22,190
1074,1
58,55
109,25
9,477
94,31
52,75
8,559
40,112
101,36
90,32
78,45
64,52
36,129
42,101
443,4
564,1
17,240
189,8
135,25
24,185
328,1
35,118
75,44
84,35
11,413
23,220
63,70
57,57
341,2
31,146
182,6
638,3
86,35
34,140
105,28
61,60
13,313
28,157
423,6
6027,1
79,48
88,33
47,84
18,228
7006,2
5218,1
390,2
5977,1
103,32
44,97
220,6
74,47
131,22
53,75
54,70
21,203
56,61
59,63
45,94
108,23
489,3
30,126
142,15
32,142
499,3
144,21
70,45
736,2
201,10
71,52
1310,3
140,17
255,4
406,5
3381,1
1185,1
1309,3
350,4
985,1
80,37
175,13
62,73
29,137
92,32
164,11
93,33
231,6
365,6
110,29
37,99
48,85
100,30
292,3
167,16
119,18
145,21
322,1
159,13
115,22
178,16
98,31
250,6
151,13
127,22
400,2
121,22
2682,1
367,3
33,131
259,8
107,31
1760,1
118,18
1767,2
85,33
1893,1
348,6
2153,1
38,128
83,32
2368,1
73,41
401,4
701,2
81,42
479,5
632,3
242,8
200,9
157,8
137,15
112,20
163,10
1382,1
125,18
95,14
106,24
160,16
123,28
51,81
69,44
114,22
132,22
197,8
196,9
209,15
187,9
796,1
1475,1
276,6
87,40
569,1
589,2
219,6
1403,1
55,74
253,8
169,15
407,5
1528,1
199,14
89,35
416,2
129,15
124,19
388,2
82,31
120,12
279,6
65,60
96,34
3771,1
1246,2
166,16
60,57
1104,3
571,1
5989,1
4206,1
150,15
549,3
251,12
77,43
221,8
720,1
347,5
97,25
227,5
316,6
1228,1
241,6
141,21
281,3
170,10
146,11
289,6
567,2
524,3
117,17
375,5
291,6
789,1
188,11
507,3
126,25
323,5
122,18
288,4
332,3
314,5
366,3
464,2
1662,1
104,23
76,48
1037,1
346,6
326,8
177,10
1626,1
153,12
143,15
1580,2
319,4
1082,3
252,9
893,2
327,2
72,33
1001,2
130,19
737,3
212,8
640,1
139,9
195,9
2640,1
607,3
1598,1
265,6
574,2
2686,1
267,8
268,6
619,2
1648,1
4973,1
715,3
283,12
4933,1
4875,1
5016,1
952,1
1687,1
2689,1
1628,2
1633,1
614,1
2771,1
4861,1
190,11
844,2
1117,3
1045,1
2718,1
1423,1
180,12
102,20
193,5
133,14
236,10
455,3
484,4
280,5
155,17
917,1
568,3
198,14
99,30
1039,2
618,2
224,6
3698,1
111,20
273,4
116,21
331,3
663,4
756,2
351,3
237,7
134,20
174,14
179,11
264,6
218,3
553,2
4309,1
517,2
308,2
239,5
533,5
551,1
418,1
565,4
136,18
2322,1
290,3
205,7
799,1
601,4
2099,1
1440,1
186,8
1274,1
355,3
154,15
246,9
3910,1
1069,1
285,8
183,16
171,14
387,2
211,10
147,16
194,8
162,11
185,10
1004,2
444,4
263,4
356,1
307,1
832,1
480,1
560,1
532,2
491,2
634,3
471,2
128,23
192,3
1381,1
249,9
240,6
2268,1
148,21
492,2
430,4
207,9
10614,1
925,1
340,5
1194,1
513,3
5582,1
315,2
1566,1
518,6
304,7
397,4
1292,2
333,2
1238,2
1828,1
334,6
11799,1
191,12
8783,2
277,4
605,4
12799,1
428,2
727,2
184,7
297,8
13404,1
1810,1
631,1
1105,1
7010,1
13252,1
11491,1
11529,1
161,12
13998,1
923,1
13382,1
762,1
298,6
9029,1
8487,1
310,4
725,3
13775,1
422,2
871,1
13496,1
11934,1
233,10
12209,1
149,12
13872,1
12043,1
294,6
335,4
2685,1
5842,1
7715,2
6761,1
213,7
6579,1
1005,2
6181,2
7257,1
8795,1
6969,1
457,2
2021,1
1326,1
202,4
382,3
820,1
728,3
782,1
566,2
1168,2
1017,2
9068,1
266,1
1124,1
4569,1
9635,1
597,2
427,5
2084,2
1097,2
230,4
620,1
378,3
2491,1
223,2
301,4
1183,1
232,2
575,3
849,2
2122,1
815,1
579,1
2342,1
1259,1
714,2
421,2
870,3
540,1
208,6
613,5
2707,1
2605,1
883,1
5103,1
361,5
317,3
5321,1
312,4
730,1
210,7
477,1
2866,2
258,6
2211,1
2867,2
2192,1
3376,1
932,1
243,9
3829,1
2248,1
274,4
420,5
453,2
3393,1
962,2
961,1
313,6
272,4
6699,1
8329,1
8670,1
204,7
408,3
7451,1
7247,1
974,1
271,8
1187,1
19706,1
943,1
7929,1
465,5
1603,1
269,5
570,2
592,1
405,5
557,5
1206,3
1937,2
1300,2
545,1
643,3
642,1
1892,2
216,5
964,1
1762,1
887,1
1565,1
260,7
181,10
342,3
173,11
1913,1
168,11
371,1
176,10
377,1
598,1
697,3
389,3
1114,2
299,6
4731,1
559,1
300,7
1144,3
1588,1
3873,1
203,8
442,1
1281,1
425,1
624,5
603,2
460,2
602,1
705,2
740,1
4645,1
2320,1
296,6
4563,1
4484,1
508,1
235,10
138,19
651,1
215,11
1106,3
275,5
336,2
4268,1
3925,1
1540,1
2191,1
409,6
550,4
284,4
238,8
2147,2
3810,1
717,3
852,1
1127,1
1442,1
785,1
665,3
703,2
379,5
1115,1
661,2
1462,1
2389,1
6927,1
3069,1
1402,1
1291,1
426,1
1123,1
234,7
1247,3
1125,3
454,2
935,2
6146,1
325,4
529,3
447,2
256,3
359,2
878,1
225,6
954,2
1160,3
875,1
510,2
855,2
1062,1
1165,2
722,1
793,1
636,2
3100,1
1172,1
156,9
481,1
1446,1
1555,1
990,1
415,2
270,7
1372,1
363,5
467,6
486,2
368,3
286,2
538,1
526,1
392,4
633,1
3003,1
309,2
1031,1
1791,1
1994,1
576,1
711,3
1141,1
222,4
1777,1
1858,1
357,3
695,1
303,4
287,3
248,3
468,1
2555,1
886,3
1593,1
214,9
872,1
933,1
668,3
693,1
503,2
6407,1
158,10
217,6
475,4
449,2
625,2
726,1
873,1
393,1
920,1
818,1
1121,1
657,1
452,3
318,4
451,2
1461,2
362,3
561,2
682,3
1815,1
515,1
1378,1
708,2
302,5
381,3
395,1
1263,1
504,5
751,2
2391,1
581,5
1293,2
293,3
3274,1
473,1
763,3
1591,1
1710,1
2013,2
2196,2
1701,1
1839,1
2335,1
2582,1
992,2
1101,2
461,2
745,1
562,2
1460,1
1020,2
3573,1
1643,1
1396,1
1030,2
402,3
412,2
1600,1
869,1
261,4
349,3
1249,1
1561,1
608,4
1501,1
338,3
641,3
770,2
1379,1
656,1
1302,2
2169,1
2251,1
245,6
539,4
5100,1
432,1
7649,1
9001,1
813,1
9986,1
3333,1
1424,1
692,1
1179,1
11060,1
9988,1
721,2
1450,2
698,1
352,3
840,3
1002,1
4963,1
1213,2
488,5
1084,1
742,1
629,2
1139,1
3926,1
5001,1
386,3
1660,1
1188,2
466,2
1026,2
906,1
957,1
2587,1
3354,2
542,1
877,1
476,4
6013,1
945,1
3761,1
983,2
2857,1
1067,2
4321,1
3368,2
3082,1
3466,2
3421,1
4631,1
1327,1
5445,1
4252,1
4270,1
5201,1
5576,1
528,1
5233,1
5048,1
1333,1
5448,1
5095,1
5229,1
24019,1
244,5
1295,1
658,1
655,2
1252,2
414,2
370,3
823,2
4095,1
1181,1
811,2
431,2
354,2
30595,1
593,1
1707,1
305,3
330,8
716,2
1284,1
588,2
383,1
429,3
2315,1
768,1
1096,2
1008,1
490,2
6806,1
767,1
5506,1
5031,1
902,1
5192,1
667,2
254,2
1089,1
686,2
462,2
967,1
1536,1
585,1
483,1
4267,1
456,2
1757,1
2488,1
4849,1
821,1
776,1
320,4
5669,1
647,1
7438,1
5950,1
1909,1
5973,1
6044,1
610,2
8311,1
6381,1
7318,1
7365,1
7277,1
7676,1
419,3
7668,2
8255,1
6378,1
353,2
8374,1
6662,1
8398,1
8400,1
7241,1
8367,1
6707,1
7059,1
8533,1
7321,1
7289,1
6968,1
7015,1
2433,1
699,2
2379,1
779,2
1119,1
1094,1
4543,1
909,2
278,2
2048,2
812,1
404,3
879,1
645,4
376,5
637,2
339,3
521,3
971,1
1663,1
817,2
1377,1
1604,1
498,3
324,1
1348,1
1040,1
622,2
851,1
1548,1
502,2
617,1
262,2
822,1
433,3
1158,2
1157,2
944,1
938,1
358,2
3127,1
391,1
948,3
459,2
2986,1
1258,1
543,1
394,2
257,2
440,2
2207,1
396,4
343,1
514,1
765,1
861,1
438,2
434,2
1384,1
580,1
501,2
649,2
12249,1
12811,1
3037,1
1073,1
2397,1
5840,1
627,2
2396,1
700,1
1149,1
1801,2
1078,1
783,2
374,3
472,1
2317,1
2374,1
2338,1
2116,1
2234,1
2669,1
1870,2
1397,1
1098,1
599,1
679,1
594,2
435,1
311,1
295,2
554,1
329,1
470,1
3896,1
1943,1
4542,1
709,2
1458,1
1401,1
1520,1
1394,1
1529,1
1718,1
1907,3
1889,1
1808,1
1533,1
1722,1
1308,1
1367,1
1299,2
1343,1
9028,1
1728,1
816,1
2518,1
2478,1
2700,1
2501,1
911,1
590,1
857,1
689,2
2286,1
630,1
650,4
5567,1
369,1
1256,1
1222,1
1543,1
1113,1
1221,1
537,1
1288,1
1364,2
583,1
591,1
1504,1
1314,1
652,3
1355,1
1511,1
1248,1
1298,1
729,3
1544,1
1283,2
1278,2
1329,1
547,2
8269,1
1508,2
9421,1
1610,1
1224,1
1352,1
1217,1
1551,1
586,1
3367,1
6263,1
6288,1
5935,1
8719,1
2241,1
5650,1
6419,1
6071,1
5990,1
681,3
987,1
1013,1
441,1
5419,1
959,1
411,1
1570,1
644,1
1541,2
825,1
921,1
2114,1
546,2
831,1
691,3
556,1
924,1
385,1
1435,1
611,1
1056,1
1166,1
1795,1
520,2
635,2
694,1
2527,1
1479,1
509,1
1770,1
616,1
2351,1
1032,1
759,1
1205,1
1064,1
1111,1
995,1
833,1
687,1
866,1
1072,1
1086,1
1065,1
1623,1
1673,1
707,1
1174,1
505,1
3005,1
5220,1
1156,1
448,2
955,1
1747,2
519,2
535,1
882,1
696,1
856,1
1230,1
445,2
3398,1
2069,1
1150,1
976,1
984,1
2339,1
1209,1
1204,1
1219,1
1220,1
500,2
1287,1
4436,1
1696,1
936,1
733,1
1199,1
32569,1
749,1
1154,1
534,1
950,1
1324,1
659,1
1315,1
548,1
33543,1
35146,1
2004,2
6875,1
6114,1
6733,1
1953,1
5110,1
474,1
803,1
3565,1
3807,1
4770,1
2722,1
915,1
1075,1
2801,1
3574,1
3941,1
3117,1
3671,1
4351,1
2711,1
4350,1
3163,1
4358,1
4361,1
2418,1
2618,1
4668,1
3600,1
6627,1
3813,1
3980,1
13753,1
4663,1
5146,1
4660,1
4655,1
4050,1
880,1
10661,1
12431,1
12794,1
13852,1
14442,1
584,1
14023,1
15962,1
16234,2
16026,1
14240,1
683,3
16411,1
15727,3
15918,1
628,1
15739,1
16345,1
16227,1
15461,1
16206,1
16570,1
17482,1
17605,1
17494,1
16354,1
16522,1
16556,1
16565,1
17495,1
17529,1
17543,1
17772,1
19833,1
18336,1
17147,1
18164,4
17804,2
17774,152
17646,1
17720,2
17257,1
17684,2
17741,6
17730,1
718,1
17040,1
17773,5
18278,1
17723,1
17702,1
18491,4
17693,1
16820,1
17196,2
17768,3
17892,1
17784,2
17791,1
17283,1
664,3
17199,1
16839,1
17655,1
17070,1
17782,3
16976,1
18316,1
17643,2
19593,1
17779,1
17427,1
34258,4
18403,1
17334,1
18510,1
19693,1
18024,1
17725,1
17799,1
17726,1
18476,1
18220,1
17682,1
18371,1
17742,1
19648,2
18372,2
17776,1
18231,1
18235,1
17778,2
17220,1
17647,1
17789,1
16767,1
17180,1
18368,1
17617,1
18352,1
19612,1
20720,1
19801,1
19843,1
2167,1
654,1
829,1
1022,1
1092,1
1740,1
2181,1
16972,1
876,2
552,1
1822,1
282,1
469,1
1736,1
1354,1
997,1
16229,1
648,1
484642,1
304439,1
7864,1
5155,1
988,1
2308,1
1599,1
463,1
1502,1
775,1
786,1
10689,1
1467,1
1340,1
19957,1
16539,1
14843,1
9744,1
8492,1
8382,1
966,1
744,1
3214,1
4605,1
5319,1
2249,1
810,1
3833,1
578,1
3769,1
814,1
2990,1
3089,1
12486,1
706,1
1973,1
1273,1
1685,1
2808,1
623,1
247,1
